"prefix","count","pct_of_other"
"GM","112","4,8255"
"PC","75","3,2314"
"RS","69","2,9729"
"WM","66","2,8436"
"FO","62","2,6713"
"AUC","61","2,6282"
"CA","46","1,9819"
"RE","46","1,9819"
"EOCM","43","1,8526"
"AM","42","1,8096"
"FS","42","1,8096"
"PROJ","41","1,7665"
"CS","38","1,6372"
"PV","36","1,5511"
"BI","32","1,3787"
"EX","32","1,3787"
"SCD","31","1,3356"
"DP","28","1,2064"
"EODI","27","1,1633"
"CP","26","1,1202"
"EODP","26","1,1202"
"EOCF","23","0,991"
"CF","22","0,9479"
"SAC","21","0,9048"
"MC","20","0,8617"
"QS","20","0,8617"
"EB","18","0,7755"
"UPG","17","0,7324"
"ASSET","15","0,6463"
"BU","15","0,6463"
"PTLT","15","0,6463"
"BUS","14","0,6032"
"EO","14","0,6032"
"EOEW","14","0,6032"
"AGC","13","0,5601"
"EOEC","13","0,5601"
"EOQF","13","0,5601"
"POS","13","0,5601"
"TD","13","0,5601"
"EOTR","12","0,517"
"COMBO","11","0,4739"
"PTAI","11","0,4739"
"PTSF","11","0,4739"
"RTBL","11","0,4739"
"EN","10","0,4308"
"EOEP","10","0,4308"
"IN","10","0,4308"
"IU","10","0,4308"
"PTPPB","10","0,4308"
"DR","9","0,3878"
"EXP","9","0,3878"
"PROD","9","0,3878"
"TR","9","0,3878"
"KK","8","0,3447"
"SDN","8","0,3447"
"CM","7","0,3016"
"CNAO","7","0,3016"
"EG","7","0,3016"
"EXPLODE","7","0,3016"
"PM","7","0,3016"
"SPA","7","0,3016"
"UA","7","0,3016"
"CAP","6","0,2585"
"DATA","6","0,2585"
"EOTF","6","0,2585"
"FFS","6","0,2585"
"IB","6","0,2585"
"OI","6","0,2585"
"PTBR","6","0,2585"
"PTFP","6","0,2585"
"TESTI","6","0,2585"
"CC","5","0,2154"
"EOTP","5","0,2154"
"FCLTY","5","0,2154"
"FINT","5","0,2154"
"FR","5","0,2154"
"MG","5","0,2154"
"PL","5","0,2154"
"PROJECT","5","0,2154"
"PT","5","0,2154"
"R","5","0,2154"
"RT","5","0,2154"
"SIC","5","0,2154"
"SP","5","0,2154"
"SPB","5","0,2154"
"TEST","5","0,2154"
"A","4","0,1723"
"AGENCY","4","0,1723"
"BOOK","4","0,1723"
"CAF","4","0,1723"
"CAL","4","0,1723"
"CE","4","0,1723"
"CSH","4","0,1723"
"CUST","4","0,1723"
"D","4","0,1723"
"DIM","4","0,1723"
"DPA","4","0,1723"
"EM","4","0,1723"
"EOCC","4","0,1723"
"FAI","4","0,1723"
"INSTR","4","0,1723"
"ITM","4","0,1723"
"LEASE","4","0,1723"
"MAJOR","4","0,1723"
"MASS","4","0,1723"
"MINOR","4","0,1723"
"NET","4","0,1723"
"PRD","4","0,1723"
"PRODCTLG","4","0,1723"
"PSA","4","0,1723"
"PTACM","4","0,1723"
"PTAFAW","4","0,1723"
"PTCHPLC","4","0,1723"
"PTGP","4","0,1723"
"PTOBI","4","0,1723"
"PTPN","4","0,1723"
"SDK","4","0,1723"
"TREE","4","0,1723"
"TV","4","0,1723"
"UNITS","4","0,1723"
"WS","4","0,1723"
"ACV","3","0,1293"
"ALTACCT","3","0,1293"
"AMR","3","0,1293"
"ART","3","0,1293"
"AVN","3","0,1293"
"BD","3","0,1293"
"CDM","3","0,1293"
"CLOSE","3","0,1293"
"CONST","3","0,1293"
"CONT","3","0,1293"
"CURR","3","0,1293"
"DL","3","0,1293"
"EQTZ","3","0,1293"
"EXT","3","0,1293"
"FOMB","3","0,1293"
"FUS","3","0,1293"
"GOV","3","0,1293"
"MIN","3","0,1293"
"NAME","3","0,1293"
"PGM","3","0,1293"
"PROFILE","3","0,1293"
"PSDMT","3","0,1293"
"PTAFEMC","3","0,1293"
"PTCS","3","0,1293"
"PTFX","3","0,1293"
"RC","3","0,1293"
"SCHEDULE","3","0,1293"
"SCP","3","0,1293"
"SHIFT","3","0,1293"
"SPF","3","0,1293"
"SUT","3","0,1293"
"TGEO","3","0,1293"
"TRANS","3","0,1293"
"UD","3","0,1293"
"WL","3","0,1293"
"WORKSHEET","3","0,1293"
"ADB","2","0,0862"
"ADJ","2","0,0862"
"AMAE","2","0,0862"
"ANALYSIS","2","0,0862"
"ARCH","2","0,0862"
"AUCMCFPRES","2","0,0862"
"AUTO","2","0,0862"
"BC","2","0,0862"
"BID","2","0,0862"
"BKC","2","0,0862"
"CFV","2","0,0862"
"CNTRY","2","0,0862"
"COMMOD","2","0,0862"
"CONSOL","2","0,0862"
"CONSTR","2","0,0862"
"CONSTRAINT","2","0,0862"
"CONV","2","0,0862"
"COUNTRYTBL","2","0,0862"
"CTI","2","0,0862"
"CUR","2","0,0862"
"CURRENCY","2","0,0862"
"DIV","2","0,0862"
"DMT","2","0,0862"
"DSSRCHATTR","2","0,0862"
"DZ","2","0,0862"
"ECINTPARTNER","2","0,0862"
"ECOUTMAPCVT","2","0,0862"
"EOBF","2","0,0862"
"EOCB","2","0,0862"
"EODU","2","0,0862"
"EOPCMIG","2","0,0862"
"EOTL","2","0,0862"
"ESA","2","0,0862"
"EVENTS","2","0,0862"
"EXD","2","0,0862"
"F2","2","0,0862"
"FEC","2","0,0862"
"FERC","2","0,0862"
"FORECAST","2","0,0862"
"FORECST","2","0,0862"
"FREQUENCY","2","0,0862"
"FSFB","2","0,0862"
"GEOCODE","2","0,0862"
"GPO","2","0,0862"
"GTAS","2","0,0862"
"HAZ","2","0,0862"
"HDG","2","0,0862"
"INQ","2","0,0862"
"INSTALLATION","2","0,0862"
"JGEN","2","0,0862"
"LOCALIZATION","2","0,0862"
"MCF","2","0,0862"
"MEMBER","2","0,0862"
"MTM","2","0,0862"
"MULTI","2","0,0862"
"NID","2","0,0862"
"NVS","2","0,0862"
"OMPB","2","0,0862"
"PGMRCA","2","0,0862"
"PI","2","0,0862"
"PIR","2","0,0862"
"PMT","2","0,0862"
"PRCSRECURLANG","2","0,0862"
"PRODSPECSTYP","2","0,0862"
"PTAFCRTA","2","0,0862"
"PTAL","2","0,0862"
"PTARCHBATCHNUM","2","0,0862"
"PTCAC","2","0,0862"
"PTIAADSREFREPO","2","0,0862"
"PTIACPCLASSES","2","0,0862"
"PTIADEPCALC","2","0,0862"
"PTIADEPCUSTDETL","2","0,0862"
"PTIADEPCUSTMO","2","0,0862"
"PTIAMOREFREPO","2","0,0862"
"PTIASPPKGCATPDT","2","0,0862"
"PTIASPPRD","2","0,0862"
"PTIASPTAGVALS","2","0,0862"
"PTP","2","0,0862"
"PTPRTNDISTSETUP","2","0,0862"
"PTPRTNTST","2","0,0862"
"PTRTDB","2","0,0862"
"PTWC","2","0,0862"
"PYCYCL","2","0,0862"
"QUANRANT","2","0,0862"
"RA","2","0,0862"
"RATING","2","0,0862"
"RBT","2","0,0862"
"RCN","2","0,0862"
"REASON","2","0,0862"
"REG","2","0,0862"
"RF","2","0,0862"
"RTM","2","0,0862"
"RTTYPELANG","2","0,0862"
"SALUTATION","2","0,0862"
"SCE","2","0,0862"
"SCHOOL","2","0,0862"
"SCHOOLTBLLA","2","0,0862"
"SEQ","2","0,0862"
"SETID","2","0,0862"
"SOURCE","2","0,0862"
"SPL","2","0,0862"
"SPROC","2","0,0862"
"SSO","2","0,0862"
"STATE","2","0,0862"
"STD","2","0,0862"
"STL","2","0,0862"
"SUBJECT","2","0,0862"
"SWAP","2","0,0862"
"TEAM","2","0,0862"
"THRESHOLD","2","0,0862"
"TL","2","0,0862"
"TRA","2","0,0862"
"TRX","2","0,0862"
"TS","2","0,0862"
"UOP","2","0,0862"
"UPN","2","0,0862"
"VCHRLN","2","0,0862"
"VMMT","2","0,0862"
"WC","2","0,0862"
"XBRL","2","0,0862"
"ACQDT","1","0,0431"
"AMBI","1","0,0431"
"ANL","1","0,0431"
"APD","1","0,0431"
"APPR","1","0,0431"
"ATTACH","1","0,0431"
"ATTRIBUTE","1","0,0431"
"AUTONUMTBL","1","0,0431"
"AV","1","0,0431"
"BCT","1","0,0431"
"BIXPNLSERIESDTL","1","0,0431"
"BPW","1","0,0431"
"BTL91","1","0,0431"
"BULK","1","0,0431"
"CARRIER","1","0,0431"
"CB","1","0,0431"
"CCR","1","0,0431"
"CF1","1","0,0431"
"CF3","1","0,0431"
"CFMANUAL","1","0,0431"
"CHANNEL","1","0,0431"
"CHARTFIELD1","1","0,0431"
"CHNG","1","0,0431"
"CLASS","1","0,0431"
"COLLECTION","1","0,0431"
"COMP","1","0,0431"
"CONSMR","1","0,0431"
"CORP","1","0,0431"
"COUNT","1","0,0431"
"COUNTER","1","0,0431"
"COUNTRY","1","0,0431"
"CPTY","1","0,0431"
"CRED","1","0,0431"
"CUBE","1","0,0431"
"DAD","1","0,0431"
"DC","1","0,0431"
"DEPR","1","0,0431"
"DESTIN","1","0,0431"
"DIMENSION","1","0,0431"
"DIRATTRIBMAP","1","0,0431"
"DIRATTRIBXLAT","1","0,0431"
"DIRECTORY","1","0,0431"
"DS","1","0,0431"
"DST","1","0,0431"
"EBK","1","0,0431"
"ECBUSDOCID","1","0,0431"
"ECENTITYCDS","1","0,0431"
"ECINMAPFLD","1","0,0431"
"ECINTLINK","1","0,0431"
"ECMAPPROFILE","1","0,0431"
"ECPRODFLTS","1","0,0431"
"ECPROMAP","1","0,0431"
"ECTPCVT","1","0,0431"
"ECTRANS","1","0,0431"
"ECTRANSOPVAL","1","0,0431"
"ECXMITDFLTS","1","0,0431"
"EID","1","0,0431"
"ELIM","1","0,0431"
"EOAW","1","0,0431"
"EOAWCRTA","1","0,0431"
"EOAWEMC","1","0,0431"
"EOAWFIELD","1","0,0431"
"EOAWFRMINPT","1","0,0431"
"EOAWXLAT","1","0,0431"
"EODC","1","0,0431"
"EOEN","1","0,0431"
"EOFD","1","0,0431"
"EOFM","1","0,0431"
"EOIU","1","0,0431"
"EOPC","1","0,0431"
"EOPCGEN","1","0,0431"
"EOPCMAIN","1","0,0431"
"EOPM","1","0,0431"
"EOPP","1","0,0431"
"EORC","1","0,0431"
"EORD","1","0,0431"
"EOWC","1","0,0431"
"EP","1","0,0431"
"ESIGN","1","0,0431"
"ESTAB","1","0,0431"
"FACT","1","0,0431"
"FG","1","0,0431"
"FIELD","1","0,0431"
"FOASGNTMTDT","1","0,0431"
"FOCNTCTPTDT","1","0,0431"
"FOCNTCTTEMP","1","0,0431"
"FOCUSTSICCO","1","0,0431"
"FODEGREETBL","1","0,0431"
"FOEVENTCNTC","1","0,0431"
"FORM","1","0,0431"
"FOSKILLSHDR","1","0,0431"
"FOTEMPLATET","1","0,0431"
"FOTESTLNG","1","0,0431"
"FOWCCOMOD","1","0,0431"
"FSPC","1","0,0431"
"FSPSPNLGROUPLNG","1","0,0431"
"FSPSPNLGROUPSTG","1","0,0431"
"FUNCLIB","1","0,0431"
"FUND","1","0,0431"
"GROUP","1","0,0431"
"GS1","1","0,0431"
"HMAP","1","0,0431"
"HOLD","1","0,0431"
"HP","1","0,0431"
"IA","1","0,0431"
"INSTALL","1","0,0431"
"INSURANCE","1","0,0431"
"IOT","1","0,0431"
"KSEC","1","0,0431"
"L","1","0,0431"
"LC","1","0,0431"
"LOCATION","1","0,0431"
"M1099","1","0,0431"
"MCARCHDEFNLANG","1","0,0431"
"MCDEFNSTMTLANG","1","0,0431"
"MCFAGENTBUDDY","1","0,0431"
"MCFAGENTURLS","1","0,0431"
"MEMO","1","0,0431"
"MESSAGE","1","0,0431"
"NM","1","0,0431"
"NOTE","1","0,0431"
"OCH","1","0,0431"
"OMBCK","1","0,0431"
"OMBI","1","0,0431"
"OMEC","1","0,0431"
"ORG","1","0,0431"
"ORIGIN","1","0,0431"
"PACKAG","1","0,0431"
"PARENT","1","0,0431"
"PE","1","0,0431"
"PG","1","0,0431"
"PING","1","0,0431"
"PLANNER","1","0,0431"
"PP","1","0,0431"
"PPK","1","0,0431"
"PR","1","0,0431"
"PTACEDIMGRIDREC","1","0,0431"
"PTAFFIELD","1","0,0431"
"PTCHARTOPTIONS","1","0,0431"
"PTDM","1","0,0431"
"PTFILE","1","0,0431"
"PTGANTTGLYPH","1","0,0431"
"PTIACPCHPTR","1","0,0431"
"PTIACPNOTETEXT","1","0,0431"
"PTIACPTMPLTDEFN","1","0,0431"
"PTIADEPCALCREQS","1","0,0431"
"PTIAMOTESTREPO","1","0,0431"
"PTIASPADSCATS","1","0,0431"
"PTIASPCHARCODES","1","0,0431"
"PTIASPCOMPREL","1","0,0431"
"PTIASPDLTPKGADS","1","0,0431"
"PTIASPDLTPKGREL","1","0,0431"
"PTIASPOBJDPENDS","1","0,0431"
"PTIASPPKGCATFML","1","0,0431"
"PTIASPPKGCATPI","1","0,0431"
"PTIASPPKGCATPRD","1","0,0431"
"PTIASPPKGCATS","1","0,0431"
"PTIASPPKGCATSEV","1","0,0431"
"PTIASPPKGCATSTD","1","0,0431"
"PTIASPPKGTSTOBJ","1","0,0431"
"PTIASPPRDCOMP","1","0,0431"
"PTIASPPRDFMLY","1","0,0431"
"PTIASPPRDGRP","1","0,0431"
"PTIASPPRJITEM","1","0,0431"
"PTIASPPRPCALC","1","0,0431"
"PTIASPRPTADSNVP","1","0,0431"
"PTIASPRPTREQS","1","0,0431"
"PTIASPRPTTAGS","1","0,0431"
"PTIASPSRCHCAT","1","0,0431"
"PTIASPSUBCOMP","1","0,0431"
"PTIASPTFPCALC","1","0,0431"
"PTIATESTOBJREPO","1","0,0431"
"PTIATESTREPO","1","0,0431"
"PTIB","1","0,0431"
"PTIGNALERTS","1","0,0431"
"PTML","1","0,0431"
"PTPP","1","0,0431"
"PTSCHEDMODFYPAR","1","0,0431"
"PTSCHEDMODLANG","1","0,0431"
"PTUS","1","0,0431"
"REGION","1","0,0431"
"REGREGIONTB","1","0,0431"
"REPL","1","0,0431"
"RFND","1","0,0431"
"RMC18","1","0,0431"
"RTTYPETBL","1","0,0431"
"RTV","1","0,0431"
"RUN","1","0,0431"
"SCRGOV","1","0,0431"
"SET","1","0,0431"
"SF224","1","0,0431"
"SII","1","0,0431"
"SPNDNG","1","0,0431"
"SPR","1","0,0431"
"SRCH","1","0,0431"
"SRM","1","0,0431"
"STG","1","0,0431"
"STX","1","0,0431"
"SUB","1","0,0431"
"SUBCUST","1","0,0431"
"T","1","0,0431"
"TAG","1","0,0431"
"TAS","1","0,0431"
"TDS","1","0,0431"
"TESTLINE","1","0,0431"
"TIME","1","0,0431"
"TRFT","1","0,0431"
"TRN","1","0,0431"
"TRP","1","0,0431"
"TSE","1","0,0431"
"UNPOST","1","0,0431"
"US","1","0,0431"
"UTIL","1","0,0431"
"UTILIZ","1","0,0431"
"WEBLIB","1","0,0431"
"WEDGE","1","0,0431"
"WHERE","1","0,0431"
"WRKSHT","1","0,0431"
"WTHDCD","1","0,0431"
"WTHDENTITY","1","0,0431"
"WTHDRPTLN","1","0,0431"
"WV","1","0,0431"
"XSDFILE","1","0,0431"
